-- phpMyAdmin SQL Dump
-- version 4.0.10.11
-- http://www.phpmyadmin.net
--
-- Host: localhost
-- Generation Time: Nov 23, 2015 at 08:19 PM
-- Server version: 5.5.45
-- PHP Version: 5.6.14

SET SQL_MODE = "NO_AUTO_VALUE_ON_ZERO";
SET time_zone = "+00:00";


/*!40101 SET @OLD_CHARACTER_SET_CLIENT=@@CHARACTER_SET_CLIENT */;
/*!40101 SET @OLD_CHARACTER_SET_RESULTS=@@CHARACTER_SET_RESULTS */;
/*!40101 SET @OLD_COLLATION_CONNECTION=@@COLLATION_CONNECTION */;
/*!40101 SET NAMES utf8 */;

--
-- Database: `FacultySalarydb`
--

-- --------------------------------------------------------

--
-- Table structure for table `Department`
--

CREATE TABLE IF NOT EXISTS `Department` (
  `idDepartment` int(11) NOT NULL AUTO_INCREMENT,
  `nameDepartment` varchar(128) NOT NULL,
  PRIMARY KEY (`idDepartment`),
  UNIQUE KEY `idDepartment_UNIQUE` (`idDepartment`),
  UNIQUE KEY `nameDepartment_UNIQUE` (`nameDepartment`)
) ENGINE=InnoDB  DEFAULT CHARSET=latin1 AUTO_INCREMENT=73 ;

--
-- Dumping data for table `Department`
--

INSERT INTO `Department` (`idDepartment`, `nameDepartment`) VALUES
(1, 'Anthropology And Sociology'),
(2, 'Art and Design'),
(3, 'Biological Sciences'),
(4, 'Chemistry & BioChemistry'),
(5, 'Child and Family Studies\r\n'),
(6, 'Coastal Sciences'),
(7, 'College of Arts and Letters GP'),
(8, 'College of Business GP'),
(9, 'College of Edu & Psych GP'),
(10, 'College of Health GP'),
(11, 'College of Nursing GP'),
(12, 'College of Sci & Tech GP\r\n'),
(13, 'Communication Studies'),
(14, 'CRNA\r\n'),
(15, 'Curric, Instruct & Special Ed'),
(18, 'Dean''S Office-Business'),
(19, 'Dean''S Office-Honors College'),
(20, 'Dean''S Office-Science And Tech'),
(16, 'Deans Office Health'),
(17, 'Deans Office Nursing'),
(21, 'Department of Dance'),
(22, 'Department of Public Health\r\n'),
(23, 'Dept of Fin, Real Est & Bus La\r\n'),
(24, 'Dept of Medical Lab Science'),
(25, 'Dept of Mgt\r\n'),
(26, 'Dept of Mkt & Merchandising\r\n'),
(27, 'Dept. of Coastal Sciences\r\n'),
(28, 'Dpt of Advanced Practice\r\n'),
(29, 'Dpt of Collab Nursing Care\r\n'),
(30, 'Dpt Svs Ldrship & Hlth Outcome'),
(31, 'Eco Dev, Tourism, & Sport Mgmt\r\n'),
(32, 'Education Leadershp & School C\r\n'),
(33, 'Educational Studies and Research\r\n'),
(34, 'English\r\n'),
(35, 'EOI Operating'),
(36, 'Field Experiences\r\n'),
(37, 'Foreign Language & Literature'),
(38, 'Geography and Geology'),
(39, 'GP Social Work'),
(40, 'Graduate School - Dean''s Office'),
(41, 'History'),
(42, 'Interdisciplinary Studies'),
(43, 'Interior Design'),
(44, 'Library & Information Science'),
(45, 'Marine Science\r\n'),
(46, 'Mass Comm & Journalism'),
(47, 'Mathematics'),
(48, 'Music'),
(49, 'Nutrition and Food Systems\r\n'),
(50, 'Office Of President\r\n'),
(51, 'Office of the Provost & VPAA\r\n'),
(52, 'Partnerships to Enhance Nurse\r\n'),
(53, 'Philosophy And Religion\r\n'),
(54, 'Physics & Astronomy'),
(55, 'Pol Sci, Int''l Dev, Int''l Aff.\r\n'),
(56, 'Polymers & High Perf Materials\r\n'),
(57, 'Psychology'),
(58, 'School of Accountancy'),
(59, 'School of Computing'),
(60, 'School of Construction'),
(61, 'School of Criminal Justice'),
(62, 'School of Kinesiology\r\n'),
(63, 'Science and Math Education\r\n'),
(64, 'Social Work'),
(65, 'Speech And Hearing Science\r\n'),
(66, 'Student Teaching Fees\r\n'),
(67, 'The Speaking Center\r\n'),
(68, 'The Writing Center\r\n'),
(69, 'Theatre\r\n'),
(70, 'Title IV-E Development\r\n'),
(71, 'University Libraries\r\n'),
(72, 'USM - Gulf Park Library\r\n');

-- --------------------------------------------------------

--
-- Table structure for table `Faculty`
--

CREATE TABLE IF NOT EXISTS `Faculty` (
  `idFaculty` int(11) NOT NULL AUTO_INCREMENT,
  `nameFaculty` varchar(45) NOT NULL,
  `idGroup` int(11) NOT NULL,
  `idDepartment` int(11) NOT NULL,
  `idTitleFaculty` int(11) NOT NULL,
  `Salary` double NOT NULL,
  `yearsWorked` int(11) NOT NULL,
  PRIMARY KEY (`idFaculty`),
  UNIQUE KEY `idFaculty_UNIQUE` (`idFaculty`),
  KEY `idGroup_idx` (`idGroup`),
  KEY `idDepartment_idx` (`idDepartment`),
  KEY `idTitleFaculty_idx` (`idTitleFaculty`)
) ENGINE=InnoDB  DEFAULT CHARSET=latin1 AUTO_INCREMENT=701 ;

--
-- Dumping data for table `Faculty`
--

INSERT INTO `Faculty` (`idFaculty`, `nameFaculty`, `idGroup`, `idDepartment`, `idTitleFaculty`, `Salary`, `yearsWorked`) VALUES
(1, 'Abra,Allison', 2, 41, 3, 53300, 3),
(2, 'Abreu,Laurel Jade', 2, 37, 3, 49063, 6),
(3, 'Adams,Jacquelyn C', 3, 48, 3, 52000, 1),
(4, 'Adams,Mary Ann', 3, 9, 24, 89389.01, 31),
(5, 'Adams,Stephen T', 3, 59, 19, 52889, 20),
(6, 'Aderer,Karen Anne', 2, 39, 20, 46050, 6),
(7, 'Adkins,Nell', 2, 58, 9, 127750, 4),
(8, 'Agler,Lin-Miao L.', 3, 9, 9, 67198.47, 17),
(9, 'Alberti-Strait,Laurance Paul', 2, 13, 3, 61000, 0),
(10, 'Alford,Mac Haverson', 2, 3, 9, 63401, 10),
(11, 'Ali,Dia L', 2, 59, 24, 105408, 30),
(12, 'Allen,Brandon L', 3, 31, 22, 42000, 13),
(13, 'Allen,Linda M', 2, 34, 9, 55582.06, 11),
(14, 'Anderson,Jennifer Paul', 3, 42, 19, 41543, 15),
(15, 'Anderson,Mary Helen Morgan', 2, 8, 9, 105280.01, 14),
(16, 'Anderson,Patsy L', 1, 11, 7, 105000, 17),
(17, 'Anderson,Toni Houston', 1, 42, 19, 40449.48, 21),
(18, 'Anderson-Lewis,Charkarra Trischel', 3, 22, 9, 76219, 16),
(19, 'Anestis,Joye Caroline', 2, 57, 3, 59452.9, 15),
(20, 'Anestis,Michael', 3, 57, 3, 60133.9, 3),
(21, 'Angus,Katie Beth', 3, 37, 3, 55825, 2),
(22, 'Annulis,Heather M', 2, 12, 24, 86672, 15),
(23, 'Anthony,Kathryn Elizabeth', 2, 13, 3, 59664, 10),
(24, 'Arana,Auxiliadora Maria', 2, 7, 19, 41615, 13),
(25, 'Arnau III,Randolph C', 3, 57, 24, 74859.94, 13),
(26, 'Arnold,Jill Crawley', 2, 12, 19, 42568, 19),
(27, 'Arrington,Amy B', 2, 22, 3, 65000, 7),
(28, 'Askew,Mary Ellen', 2, 9, 20, 36430, 7),
(29, 'Asper,Vernon Lowell', 3, 45, 24, 109455, 30),
(30, 'Atkins-Sayre,Wendy Lynn', 2, 67, 9, 67777, 8),
(31, 'Azoulay,Jason D', 3, 56, 3, 79170, 1),
(32, 'Baertich,Cynthia Blair', 2, 37, 19, 38657.04, 12),
(33, 'Bai,Fengwei', 3, 3, 3, 60893.04, 4),
(34, 'Bailey,Constance Renee', 2, 7, 19, 46000.01, 3),
(35, 'Balamurugan,Kuppareddi', 3, 61, 9, 71000.01, 9),
(36, 'Ball,Angela Sue', 3, 34, 24, 85561.02, 36),
(37, 'Banerjee,Bikramjit', 3, 59, 9, 87000, 8),
(38, 'Barron,Jonathan N', 3, 34, 9, 59515.02, 20),
(39, 'Barthelme,Melanie Hendricks', 3, 68, 23, 44498, 26),
(40, 'Barthelme,Steven T', 3, 34, 24, 80031.01, 29),
(41, 'Bass Jr,Jerry Owen', 3, 38, 9, 63255.68, 12),
(42, 'Batastini,Ashley B', 3, 57, 5, 45000, 0),
(43, 'Bates,Philip David', 2, 4, 3, 68742, 2),
(44, 'Beard,R Daniel', 2, 48, 9, 54445, 10),
(45, 'Beck,Paul J', 3, 58, 24, 170000, 0),
(46, 'Beckett,David C', 3, 3, 24, 76611.01, 30),
(47, 'Becton,John Bret', 1, 25, 7, 151280, 7),
(48, 'Bekafigo,Marija A', 3, 55, 3, 50191.02, 7),
(49, 'Bell Jr,Anthony J', 3, 4, 3, 68218.15, 6),
(50, 'Bell,Lue Birdia', 3, 47, 19, 41707.01, 36),
(51, 'Bertram,Dean James', 3, 61, 19, 65293, 21),
(52, 'Bes,Emily Rebecca', 2, 10, 19, 44500, 6),
(53, 'Bettagere,Ramesh N', 3, 65, 9, 83230.02, 2),
(54, 'Biber,Patrick D', 2, 27, 9, 60712.12, 11),
(55, 'Bishop,John B', 2, 15, 3, 54590.04, 7),
(56, 'Biswas,Amitava', 3, 65, 3, 61621, 0),
(57, 'Biswas,Parthapratim', 3, 54, 9, 64469.01, 10),
(58, 'Blackmon,Bret J', 2, 39, 3, 59160.01, 2),
(59, 'Blackwell,Ann Parker', 1, 5, 16, 161544, 24),
(60, 'Blackwell,Cindy S', 3, 46, 10, 46000, 4),
(61, 'Blackwell,Melanie Leuty', 2, 57, 3, 58691.45, 5),
(62, 'Blankenship,Ann Elizabeth', 2, 32, 3, 61755.65, 1),
(63, 'Boade,Erin', 2, 34, 19, 46000, 3),
(64, 'Bolton,Joel F.', 2, 25, 3, 110495, 2),
(65, 'Bomhold,Catharine', 2, 44, 9, 60054, 12),
(66, 'Booth,Deborah Kay Beech', 3, 4, 19, 47676.98, 17),
(67, 'Bougere,Alan', 1, 39, 20, 63927, 18),
(68, 'Bowens,Melinda K', 3, 5, 19, 42000, 5),
(69, 'Boyce,Janet S', 2, 15, 3, 57287, 12),
(70, 'Boyd,Joseph Chris', 2, 62, 19, 45900, 19),
(71, 'Boyd,Sean C', 3, 69, 9, 53000.01, 9),
(72, 'Boykins,Anita D', 1, 30, 7, 110061.23, 6),
(73, 'Bozzolo,Francis', 2, 12, 19, 42000, 1),
(74, 'Bradley,Gregory T', 3, 8, 4, 87202, 17),
(75, 'Breland,Jacob Wayne', 2, 8, 3, 105596.02, 2),
(76, 'Bristol,Douglas', 2, 7, 9, 63178, 12),
(77, 'Brown,Christopher', 2, 62, 3, 61758, 2),
(78, 'Brown,Hamett Q', 2, 12, 3, 82080, 1),
(79, 'Brown,John Albert', 3, 8, 19, 58722, 15),
(80, 'Brown,Maria Danielle', 2, 29, 19, 62542.42, 10),
(81, 'Brumbeloe,Joseph L', 3, 48, 9, 55604, 16),
(82, 'Bruton,Samuel V', 1, 53, 17, 78660, 17),
(83, 'Bryant,Sabrina', 1, 24, 3, 66157, 18),
(84, 'Buchanan,Janice Paige', 2, 4, 9, 70760.52, 11),
(85, 'Buijsman,Maarten', 3, 45, 3, 64655.01, 1),
(86, 'Bullock,Mary Nell', 2, 47, 19, 41680.01, 4),
(87, 'Bunch-Crump,Kimberly', 2, 15, 3, 61000, 0),
(88, 'Burgess,Brigitte W', 1, 26, 7, 115900, 12),
(89, 'Burnett,Joanne E', 3, 37, 9, 63127, 19),
(90, 'Burton,Angela M', 3, 7, 3, 65000, 0),
(91, 'Bush,Jacquelyn Theresa', 3, 69, 22, 47000, 0),
(92, 'Bush,Lynn Boardman', 3, 65, 19, 44600.04, 9),
(93, 'Butler,David L', 3, 7, 24, 87729.03, 14),
(94, 'Butts,Mary Bond', 2, 30, 24, 94000.12, 22),
(95, 'Campbell,Christopher Paul', 2, 46, 24, 99537, 10),
(96, 'Capper Jr,Daniel S', 3, 53, 9, 57878, 15),
(97, 'Capron,Daniel W', 3, 57, 3, 62000, 0),
(98, 'Carey,Craig Basil', 2, 34, 3, 51000, 2),
(99, 'Carlan,Philip E', 3, 61, 24, 80042, 22),
(100, 'Carr,Robin A', 2, 69, 24, 62866, 13),
(101, 'Carracelas-Juncal,Carmen', 2, 37, 9, 56582, 7),
(102, 'Carter,Gregory A', 3, 12, 24, 110941.7, 13),
(103, 'Casey,Matthew R', 2, 41, 3, 53300, 3),
(104, 'Chambers,Douglas', 2, 41, 9, 58251, 16),
(105, 'Chatham,Cynthia A', 3, 11, 9, 82650.55, 27),
(106, 'Chen,Allen', 3, 2, 3, 51765, 1),
(107, 'Chen,Ching-Shyang', 3, 47, 24, 102075.66, 10),
(108, 'Chen,Gaole', 3, 23, 3, 121000, 0),
(109, 'Chen,Kuo Lane', 3, 59, 9, 79288, 14),
(110, 'Chesnut,Steven Randall', 3, 33, 3, 59983, 0),
(111, 'Chism,Kimberly Ann', 2, 61, 3, 64700, 1),
(112, 'Choi,Hwanseok W', 3, 22, 3, 75500, 3),
(113, 'Choi,Juwon', 3, 31, 19, 70000, 0),
(114, 'Christensen Jr,Kenneth Wayne', 1, 42, 19, 46732.8, 13),
(115, 'Church,Ian William', 3, 45, 3, 65438, 2),
(116, 'Ciraldo,Nicholas A', 3, 48, 9, 66623, 10),
(117, 'Clark,James Leon', 3, 59, 5, 65000, 0),
(118, 'Classen,Audra I', 3, 15, 3, 63240.01, 1),
(119, 'Cloud,Steven J', 3, 65, 24, 78500, 20),
(120, 'Coats,Karen St. Cyr', 1, 40, 16, 179550, 1),
(121, 'Cochran Jr,David M', 3, 38, 9, 61150, 12),
(122, 'Cochran,Katherine H', 2, 34, 9, 58040.04, 7),
(123, 'Cole,Amber Taylor', 3, 58, 19, 50350.01, 4),
(124, 'Coleman,Loren Belle Saxton', 2, 46, 3, 62000, 0),
(125, 'Coleman,Marcus Jerome', 2, 13, 3, 60190.62, 15),
(126, 'Coleman,Stephen E', 2, 46, 19, 50388, 20),
(127, 'Collins,Brian J.', 2, 25, 9, 104353, 7),
(128, 'Conlin,Lindsey', 2, 46, 3, 62000, 0),
(129, 'Connell,Carol Lawson', 2, 49, 24, 76508, 20),
(130, 'Connell,Grady Erich', 1, 60, 18, 124440, 0),
(131, 'Conner,John Michael', 3, 22, 22, 44500, 1),
(132, 'Courts,Jennifer Elaine', 2, 2, 3, 55856, 2),
(133, 'Coyne,Mary Louise', 3, 11, 24, 97314.57, 21),
(134, 'Credeur,Daniel Paul', 2, 62, 3, 60900, 1),
(135, 'Creel,Stacy L', 2, 44, 3, 61020, 5),
(136, 'Crook,Lashaundrea Bradford', 3, 49, 22, 47000, 10),
(137, 'Curry,Kenneth J', 3, 3, 9, 63773, 28),
(138, 'Dahlen,Eric R', 3, 57, 9, 64883.63, 16),
(139, 'Dahlquist,Mark J', 2, 34, 3, 48000, 4),
(140, 'Danforth,Marie Elaine', 3, 1, 24, 75601.01, 28),
(141, 'Dart,Evan Henry', 3, 57, 3, 59452.9, 2),
(142, 'Daves,David P', 2, 15, 9, 80882.96, 17),
(143, 'Davies,David R', 1, 46, 24, 119633, 24),
(144, 'Davis,Anita P', 2, 48, 9, 58896, 16),
(145, 'Davis,Kimberley M', 2, 48, 9, 53030.04, 23),
(146, 'Davis,Micheal A', 3, 3, 9, 65148.03, 14),
(147, 'Davis,Sheila Ann', 2, 30, 24, 103000.01, 7),
(148, 'Dawoud,Amer', 3, 59, 9, 73146.01, 7),
(149, 'Dean,Jack L', 1, 48, 1, 118645, 27),
(150, 'Dearmey,Michael Howard', 3, 53, 24, 75821.04, 37),
(151, 'Dettman,Craig P', 3, 69, 9, 52760, 8),
(152, 'Di Leo,Louis A', 3, 34, 22, 43000, 3),
(153, 'Dillon,Kevin S', 3, 27, 9, 64404, 10),
(154, 'Ding,Jiu', 3, 47, 24, 78023.01, 25),
(155, 'Dixon Jr,Clifton V', 2, 38, 9, 98262.88, 15),
(156, 'Doan,Robert', 2, 62, 3, 59653, 2),
(157, 'Dobson,Susan Rebecca', 3, 22, 19, 44500.01, 14),
(158, 'Dolbow,David Roger', 3, 62, 3, 59653.01, 2),
(159, 'Doleac,Miles Christopher', 2, 46, 3, 62000, 10),
(160, 'Donahue,Matthew G', 2, 4, 3, 68709, 2),
(161, 'Douglas,Deanna M', 2, 2, 24, 70551, 18),
(162, 'Drumm,Rene'' D.', 1, 10, 8, 118000, 0),
(163, 'Dufrene,Brad A', 3, 57, 9, 69375.67, 10),
(164, 'Early,Meredith Robertson', 3, 21, 9, 52760, 6),
(165, 'Echevarria,David', 3, 57, 9, 65192.18, 10),
(166, 'Eickelmann,Allan', 2, 7, 19, 42109, 14),
(167, 'Elasri,Mohamed O', 1, 3, 8, 113050, 13),
(168, 'Elder,Ellen Price', 2, 48, 3, 57904, 4),
(169, 'Elliott,Rowena', 2, 28, 9, 99500, 7),
(170, 'Erickson,Keith V', 3, 13, 24, 106129.01, 29),
(171, 'Evans,Andrew N.', 3, 27, 3, 61560, 3),
(172, 'Eye,John', 1, 71, 16, 153900, 1),
(173, 'Farrell,Mary Beth', 3, 41, 19, 51542, 24),
(174, 'Fastring,Danielle Robinson', 3, 22, 3, 75500.06, 17),
(175, 'Fennell,Dana Margaret', 3, 1, 9, 56124, 10),
(176, 'Fennell,Wanda Renee', 2, 25, 19, 53899, 20),
(177, 'Filce,Hollie G', 2, 15, 9, 71336.09, 14),
(178, 'Filiz,Sukriye Elif', 3, 55, 5, 60000, 0),
(179, 'Fiorentini-Wright,Gina', 3, 22, 19, 44500, 14),
(180, 'Fisher,Diane J', 1, 15, 8, 105201, 16),
(181, 'Fletcher,Desmond W', 3, 60, 9, 83413, 27),
(182, 'Flowers,Krystin Lee', 3, 32, 22, 36000, 5),
(183, 'Flynn,Elizabeth Reinecke', 2, 26, 24, 127042, 6),
(184, 'Flynt,Alex S', 3, 3, 3, 61292.01, 2),
(185, 'Follett,Westley Nicholson', 3, 7, 9, 58251, 7),
(186, 'Fonder-Solano,Leah', 2, 37, 9, 63195, 18),
(187, 'Forest,Danielle Eileen', 2, 15, 3, 61800, 1),
(188, 'Forster,Michael D', 1, 16, 16, 165801.6, 21),
(189, 'Forsyth,Maurice McIntosh', 3, 23, 26, 76950, 4),
(190, 'Fortenberry,Elizabeth Murph', 1, 36, 20, 41400, 4),
(191, 'Foster,Jamye Kathryn', 2, 26, 9, 109596, 15),
(192, 'Fowler-Calisto,Lauren P', 1, 48, 3, 66544, 0),
(193, 'Fox Jr,James Thomas', 2, 32, 3, 58060.31, 1),
(194, 'Frank,Rebecca Morrison', 3, 34, 3, 49810, 3),
(195, 'Franke,Damon', 3, 7, 9, 57211.02, 11),
(196, 'Freeland,Jennifer T', 3, 57, 5, 45000, 9),
(197, 'Fuller,Gregory Alan', 1, 48, 18, 89529, 15),
(198, 'Funk,Mary Theresa', 1, 7, 19, 38747.04, 11),
(199, 'Garland,Christopher J', 3, 34, 3, 51000.03, 1),
(200, 'Garrido Baez,Luisa Maria', 3, 37, 19, 42630.03, 3),
(201, 'Gatchell,Pamela Jane', 3, 9, 22, 30000.01, 9),
(202, 'Gaudet,Cynthia H', 1, 12, 14, 126669, 18),
(203, 'Gaut,Marcus', 2, 30, 3, 75000, 0),
(204, 'Gehlawat,Monika', 2, 34, 9, 55196.04, 7),
(205, 'Geisz-Everson,Marjorie', 1, 14, 3, 165000, 4),
(206, 'Gentile,Phillip', 3, 7, 3, 53169.51, 26),
(207, 'Germany,Shane Michael', 2, 60, 19, 54063.98, 8),
(208, 'Gibbs,SherRhonda R', 2, 25, 9, 115449.3, 7),
(209, 'Gibson,Troy M', 2, 55, 9, 54267, 19),
(210, 'Gilbert,Faye W', 1, 18, 16, 239365.8, 2),
(211, 'Gillespie,Jeanne Lou', 3, 37, 24, 87509, 15),
(212, 'Gilmore,Melanie S Laird', 3, 28, 9, 84000, 8),
(213, 'Gilstrap,Jimmie Bruce', 3, 25, 9, 134438, 6),
(214, 'Goertzen,Christopher J', 3, 48, 24, 64885, 15),
(215, 'Gomez del moral,Alejandro Jose', 3, 7, 3, 52780, 1),
(216, 'Goodwin,Kimberly Robyn', 3, 23, 9, 131163.03, 15),
(217, 'Gordon,Evelyn J', 2, 62, 3, 57916, 0),
(218, 'Gore,Charlotte Ann', 2, 11, 19, 64971.21, 12),
(219, 'Gorzegno,Janet M', 3, 2, 24, 65720, 28),
(220, 'Goshorn,Edward L', 1, 65, 13, 81246.9, 8),
(221, 'Goshorn,Jennifer D', 2, 65, 22, 41400, 8),
(222, 'Gottfried,Anne', 3, 26, 5, 103000, 0),
(223, 'Gould,Trenton Edward', 1, 16, 8, 107156, 12),
(224, 'Graham,Deborah N', 3, 64, 19, 43415.01, 9),
(225, 'Graham,Juanita C', 2, 30, 3, 76000, 0),
(226, 'Graham,William Montrose', 1, 45, 14, 156068.04, 4),
(227, 'Grames,Heath A', 3, 5, 9, 68868, 9),
(228, 'Grant,Helen C', 3, 10, 19, 44825.04, 33),
(229, 'Graves,Jeremy Bryan', 2, 59, 19, 54592, 21),
(230, 'Green,Bradley A', 3, 57, 24, 76510, 12),
(231, 'Green,Frederick P', 2, 62, 24, 86051.04, 24),
(232, 'Green,Trellis G', 3, 55, 9, 80316, 32),
(233, 'Greene,Kathanne W', 2, 55, 9, 63209.04, 26),
(234, 'Greene,Kevin Douglas', 2, 42, 3, 52000, 3),
(235, 'Greenhow,Danielle Rene', 3, 45, 19, 44641, 2),
(236, 'Greer,Tammy', 2, 57, 9, 71294.26, 19),
(237, 'Grice,William Anthony', 3, 62, 22, 57500, 0),
(238, 'Grier IV,Robert L', 3, 12, 5, 54338, 0),
(239, 'Griffis,Matthew Richard', 3, 44, 3, 59760, 2),
(240, 'Griffitt,Robert J', 1, 27, 9, 96867, 7),
(241, 'Grimes,Darrell Jay', 3, 6, 24, 164932, 19),
(242, 'Grivno,Max L', 3, 41, 9, 58250, 8),
(243, 'Guglani,Laura', 2, 37, 3, 48720, 3),
(244, 'Gulledge,Laura M', 3, 61, 19, 44200.01, 6),
(245, 'Guo,Song', 3, 4, 3, 61797.01, 3),
(246, 'Guo,YanLin', 3, 3, 24, 74205, 11),
(247, 'Gutierrez,Melissa Ann', 3, 3, 19, 41000, 9),
(248, 'Gwozdz,Lawrence S', 3, 48, 24, 70768.01, 31),
(249, 'Hafer,Edward M', 3, 48, 9, 55984, 11),
(250, 'Hajnal,Alen', 2, 57, 9, 63568.18, 7),
(251, 'Haley,Andrew P', 3, 41, 9, 66809, 10),
(252, 'Hall,Margaret J', 3, 24, 24, 78136, 30),
(253, 'Hall,Stacey Ann', 2, 31, 9, 60627, 12),
(254, 'Hamilton,Mary Claire', 3, 43, 9, 57613.66, 14),
(255, 'Hancock,Tyler Douglas', 3, 26, 22, 58218, 1),
(256, 'Handley,Cynthia S', 3, 24, 3, 62100, 4),
(257, 'Hannon,John Jeffrey', 3, 60, 9, 76003.48, 12),
(258, 'Hanson,Linda Susan', 2, 12, 19, 51300, 1),
(259, 'Harbaugh,Bonnie L', 1, 30, 14, 113587.37, 17),
(260, 'Hardman,Benjamin C', 2, 53, 3, 46543, 6),
(261, 'Hardy,Jessica Lee', 3, 60, 22, 47000, 8),
(262, 'Harley,Grant L', 2, 38, 3, 60137.75, 3),
(263, 'Harris,Elizabeth Kay', 3, 34, 9, 55559, 21),
(264, 'Harris,John M', 2, 12, 9, 54003, 12),
(265, 'Harris,Michele S', 2, 11, 19, 64500, 14),
(266, 'Hart,Susan D', 1, 29, 13, 87594.24, 3),
(267, 'Hartsell,Taralynn S', 3, 15, 9, 63067.54, 15),
(268, 'Hatten,Amber Bond', 2, 58, 26, 97850, 3),
(269, 'Hawkins,Ricky Edward', 2, 59, 19, 49146, 2),
(270, 'Hayden,Bridget Anne', 3, 1, 9, 53632, 11),
(271, 'Hayden,Sat Ananda', 2, 30, 3, 76125, 1),
(272, 'Hayes,Monica', 3, 69, 24, 68884.02, 22),
(273, 'Hayhurst,David T', 1, 20, 16, 210330, 1),
(274, 'Heard,Richard W', 2, 27, 24, 88573, 36),
(275, 'Heath,John Huddleston', 3, 59, 22, 55000, 12),
(276, 'Heinhorst,Sabine', 1, 4, 14, 118974, 27),
(277, 'Heitmuller,Franklin T', 3, 38, 9, 71915.33, 6),
(278, 'Henderson,Caroline B', 2, 24, 19, 33195, 7),
(279, 'Hendry,Sheila R', 2, 3, 19, 42000, 14),
(280, 'Hernandez Jr,Frank J.', 3, 27, 3, 63439.92, 3),
(281, 'Herring,Angel Lewis', 2, 5, 3, 59634, 16),
(282, 'Herron,Sherry Shelton', 1, 63, 9, 85134, 22),
(283, 'Hightower,J Taylor', 2, 48, 9, 55901.04, 11),
(284, 'Hill,Joshua B', 3, 61, 3, 65000, 0),
(285, 'Hill,Lilian H', 1, 33, 14, 91419, 10),
(286, 'Hines,Joy T', 3, 15, 20, 53352, 16),
(287, 'Hinton,William Jeffrey', 1, 9, 8, 121940, 19),
(288, 'Hodges,Tracey S', 2, 15, 3, 62000, 0),
(289, 'Holcomb,William R.', 3, 62, 18, 92760, 3),
(290, 'Holland,Rebecca Campbell', 3, 22, 22, 49950, 18),
(291, 'Holley,David M', 1, 53, 14, 92501, 22),
(292, 'Hollingsworth,Keith Jared', 3, 46, 22, 40000, 6),
(293, 'Holt,David Harms', 2, 12, 9, 61625.98, 8),
(294, 'Holt,Mary Ann', 2, 7, 19, 42115, 10),
(295, 'Hopkins,Lance Walter', 3, 8, 26, 51300, 5),
(296, 'Hornor,William E', 3, 47, 24, 59924.01, 27),
(297, 'Hosman,Lawrence A', 2, 13, 24, 80631, 35),
(298, 'Hossley,Mary Jean', 3, 29, 19, 64186.56, 13),
(299, 'Howden,Stephan D', 3, 45, 9, 67759.02, 15),
(300, 'Howell,Emily Susan R', 2, 47, 19, 41802, 20),
(301, 'Howell,James Benjamin', 2, 15, 3, 60320.04, 1),
(302, 'Hrostowski,Susan', 3, 64, 9, 61829.01, 16),
(303, 'Huang,Faqing', 3, 4, 24, 86633.48, 17),
(304, 'Hughes,Cathy Keen', 2, 29, 4, 66608.84, 11),
(305, 'Hunter,Nancy L', 3, 9, 22, 20000.01, 18),
(306, 'Hunter,Stephen A', 3, 48, 22, 42000, 1),
(307, 'Hurst,Tamara E', 2, 64, 3, 59160, 2),
(308, 'Huye,Holly F', 3, 49, 3, 59254.02, 11),
(309, 'Iglesias,Luis A', 2, 34, 9, 74420, 10),
(310, 'Inman,Joyce Olewski', 3, 34, 3, 61990, 18),
(311, 'Jackson,Homer Edwin', 3, 1, 24, 80771, 28),
(312, 'Jackson,Sandra J', 3, 66, 22, 30000.06, 7),
(313, 'Jackson,Steven R', 2, 8, 24, 116245, 9),
(314, 'Jakacki,Pola Christina', 1, 15, 5, 62000, 6),
(315, 'James,Katie Ruth', 2, 1, 3, 60000, 0),
(316, 'Jarvis,Lee C', 3, 8, 5, 95000, 0),
(317, 'Jeanfreau,Michelle Marchese', 2, 9, 3, 59904, 8),
(318, 'Jenkins,Cheryl D', 2, 46, 9, 66462, 10),
(319, 'Johnson,Kathy L', 2, 29, 19, 64074.36, 19),
(320, 'Johnson,Sherita L', 2, 34, 9, 57977, 10),
(321, 'Johnson,Susan Lee Mayfield', 3, 22, 3, 65857, 18),
(322, 'Johnson,William', 3, 23, 3, 118000, 0),
(323, 'Johnson,William Wesley', 2, 61, 24, 140085, 8),
(324, 'Jones,Rose B', 3, 15, 3, 55203.11, 18),
(325, 'Jordan,Nicolle M', 2, 34, 9, 55434.96, 9),
(326, 'Jordan,Sara Sytsma', 3, 57, 9, 63856.44, 12),
(327, 'Judd,Stephen G', 3, 69, 24, 67262, 17),
(328, 'Jung,Eura', 3, 13, 9, 60480, 11),
(329, 'Kalluru,Rajamohan Reddy', 3, 12, 19, 40000.01, 1),
(330, 'Kanuri,Srinidhi', 3, 23, 3, 118000, 0),
(331, 'Kar,Bandana', 3, 38, 9, 62628.12, 7),
(332, 'Karagoz,Susan S', 3, 15, 20, 37216.4, 12),
(333, 'Karim,Shahid', 3, 3, 9, 65085, 7),
(334, 'Kaufmann,Jeffrey C', 2, 1, 24, 63800, 15),
(335, 'Kaunitz,Galit', 2, 48, 3, 52000, 0),
(336, 'Kelly,Gary Wayne', 1, 23, 14, 150174, 4),
(337, 'Kemp,Doris Ann', 3, 60, 19, 60634.8, 19),
(338, 'Kim,Sungsoo', 2, 31, 3, 85158, 1),
(339, 'Kimberly,Claire E', 3, 5, 3, 59634, 3),
(340, 'King,Kelli Lewis', 3, 26, 26, 87350, 3),
(341, 'Kingston,Judith Roxanne Fletcher', 2, 49, 19, 52000, 10),
(342, 'Kinkopf,Sherry Kirkpatrick', 3, 34, 19, 44369, 11),
(343, 'Kinnell,Ann Marie', 1, 1, 13, 73851, 18),
(344, 'Koh,Wonryull', 3, 59, 3, 81032, 2),
(345, 'Kohl,Karen Thompson', 2, 12, 3, 54992, 4),
(346, 'Kolbo,Jerome R', 3, 64, 24, 93631, 18),
(347, 'Krebs,Gary Vincent', 1, 62, 6, 80332.01, 20),
(348, 'Kreiser,Brian Robert', 3, 3, 24, 75663, 15),
(349, 'Kuczaj II,Stanley A', 3, 57, 24, 120945.9, 19),
(350, 'Kuehn,Kevin A', 2, 3, 9, 67909, 9),
(351, 'Kyle,Maryann', 2, 48, 24, 63760, 19),
(352, 'Labat,Myron Bruce', 2, 9, 3, 59135.51, 8),
(353, 'LaFleur,Beth', 1, 8, 8, 139500.08, 11),
(354, 'Lahasky,Rachel Spinner', 2, 64, 20, 47296, 2),
(355, 'Lai,Fujun', 3, 8, 24, 121297, 12),
(356, 'Lambers,James V', 3, 47, 9, 62863, 6),
(357, 'Lambert Jr,John T', 2, 8, 9, 94548, 9),
(358, 'Lambert,Jamie Patrick', 3, 47, 22, 40000, 6),
(359, 'Lamey,Kalyn Rose', 3, 12, 19, 40000, 0),
(360, 'Langar,Sandeep', 3, 60, 3, 66157.3, 3),
(361, 'Lange,George', 3, 12, 19, 47000.01, 1),
(362, 'Lansford,Tom', 2, 7, 24, 95415, 14),
(363, 'LaPierre,Brian K', 3, 41, 9, 58251, 9),
(364, 'Lares,Jameela A', 3, 34, 24, 75145, 20),
(365, 'Lauer,Benjamin', 2, 69, 3, 50000, 3),
(366, 'Lavender Jr,James Michael', 2, 55, 3, 66255, 2),
(367, 'Lawler,John Mark', 2, 2, 3, 53795, 5),
(368, 'Leach,Maria A', 3, 58, 9, 122760, 1),
(369, 'Leaf,Robert T', 2, 27, 3, 61560, 3),
(370, 'Lee,David E', 3, 32, 9, 63439.17, 13),
(371, 'Lee,Hsiaopei', 3, 48, 9, 55361.01, 10),
(372, 'Lee,Joohee', 3, 64, 9, 61172.01, 11),
(373, 'Lee,Sungwook', 3, 47, 9, 61686, 14),
(374, 'Leffler,Jeffrey Leon', 3, 5, 5, 56000, 17),
(375, 'Lemacks,Jennifer', 2, 49, 3, 60900, 3),
(376, 'Lentz-Hill,Elizabeth', 2, 21, 3, 48760.01, 5),
(377, 'Lester,Kelly Ferris', 2, 21, 9, 51500.04, 7),
(378, 'Leventhal,Lois A', 3, 48, 24, 67222.01, 39),
(379, 'Lin,Chin-Nu', 3, 11, 3, 70020, 1),
(380, 'Linden,Paul S', 2, 46, 9, 57240, 13),
(381, 'Lindner,Nora', 3, 57, 3, 62000, 0),
(382, 'Lipscomb,Thomas J', 1, 33, 14, 103055, 9),
(383, 'Littlejohn,Cynthia Wilson', 3, 3, 19, 42406.02, 11),
(384, 'Loaiza,Juan Guillermo', 2, 37, 19, 39875.04, 12),
(385, 'Lochhead,Robert Y', 3, 56, 24, 132271, 25),
(386, 'Lott,Joseph R', 2, 56, 3, 76125, 1),
(387, 'Lotz,Jeffrey M', 3, 27, 14, 105044, 29),
(388, 'Lowrey,Karen Alisa', 3, 15, 9, 65664, 2),
(389, 'Luckhardt,Courtney', 2, 41, 3, 52780.01, 1),
(390, 'Lunsford,Dale', 3, 12, 3, 79952.04, 19),
(391, 'Luter,Jane Carolyn', 3, 35, 20, 53865, 7),
(392, 'Luther,Rachel Anne', 2, 9, 3, 62930.04, 2),
(393, 'Lux,Mary F', 1, 24, 14, 89511, 25),
(394, 'Lyman,Robert D.', 3, 57, 24, 119765.94, 7),
(395, 'Lyn,Heidi', 3, 9, 3, 59441.46, 5),
(396, 'Machado,Marcos', 2, 48, 9, 57321, 10),
(397, 'Madson,Michael Brian', 2, 57, 9, 65315.09, 10),
(398, 'Magruder,James S', 3, 23, 9, 88638, 28),
(399, 'Malone,Laura S', 1, 42, 19, 53925, 18),
(400, 'Mangrum,Sarah R', 1, 71, 4, 41200.01, 7),
(401, 'Manning,R Douglas', 2, 31, 3, 60900, 1),
(402, 'Marlowe,Megan Chapman', 3, 62, 22, 42000, 10),
(403, 'Martin,Georgianna L', 3, 33, 3, 56819, 3),
(404, 'Marx,Charles Gordon', 2, 65, 3, 70017, 6),
(405, 'Masters,Kathleen R', 3, 29, 24, 105017.4, 22),
(406, 'Masterson,Douglas S', 1, 4, 7, 91667, 11),
(407, 'Maugh Funderburk,Casey Malone', 2, 7, 9, 120000, 7),
(408, 'Maung,Khin Maung', 3, 54, 24, 103529, 10),
(409, 'Mavrodi,Dmitri', 2, 3, 3, 61478, 2),
(410, 'McArthur,Rebecca Lynn', 2, 21, 19, 42400, 3),
(411, 'McBride,Allan B', 3, 55, 9, 74129, 19),
(412, 'McCormack,Edward G', 1, 72, 8, 94137, 22),
(413, 'McCormick,Charles L', 3, 56, 24, 137412, 41),
(414, 'McCormick,Juawice Moore', 2, 32, 3, 59350, 0),
(415, 'McDonald,Sharon D.', 2, 29, 19, 65522, 15),
(416, 'McGuire,James G', 3, 22, 9, 72999.85, 18),
(417, 'McIlwain,Jacqueline K', 2, 48, 3, 50750, 5),
(418, 'McIlwain,William Benjamin', 2, 48, 3, 50750, 5),
(419, 'McKee-Waddell,Suzanne', 3, 15, 5, 56000, 1),
(420, 'McLelland,Melinda A', 2, 26, 9, 110704, 14),
(421, 'McNeil,Abby Duckworth', 2, 28, 4, 74158, 4),
(422, 'Meade,James W', 3, 2, 24, 66670, 44),
(423, 'Meadows,Emily Warren', 2, 32, 3, 58060.35, 1),
(424, 'Metz,Kelly K', 2, 65, 3, 56870, 1),
(425, 'Meyer,John C', 3, 13, 24, 78117, 24),
(426, 'Meyers,Christopher David', 3, 53, 9, 53477, 11),
(427, 'Meyers,Jennerpher Renee', 3, 59, 22, 51750, 14),
(428, 'Mezzadri,Danilo', 2, 48, 9, 56217, 11),
(429, 'Miao,Wujian', 2, 4, 9, 66323, 11),
(430, 'Michels,Marcus F', 2, 2, 3, 50720, 3),
(431, 'Miles,Christopher J', 1, 37, 13, 77551, 12),
(432, 'Miles,Michael Alan', 2, 48, 24, 108509, 7),
(433, 'Miller,Amy C', 1, 51, 27, 140000, 18),
(434, 'Miller,Chad Richard', 3, 31, 9, 91272, 8),
(435, 'Miller,Mark M', 2, 38, 24, 93912.38, 27),
(436, 'Milroy,Scott P', 3, 45, 12, 74356, 8),
(437, 'Milward,Andrew M', 2, 34, 3, 57490, 4),
(438, 'Minor,Deidra Rena', 1, 12, 19, 54933, 12),
(439, 'Mistretta,Vincenzo', 3, 7, 3, 62000, 0),
(440, 'Mitcham,Benjamin David', 2, 54, 19, 41043, 2),
(441, 'Moak,Elizabeth W', 2, 48, 9, 54992.92, 11),
(442, 'Mohn Jr,Richard S', 2, 33, 9, 60420, 8),
(443, 'Molaison,Elaine Fontenot', 1, 49, 14, 113293, 18),
(444, 'Mong,Michael D', 1, 9, 7, 87840, 7),
(445, 'Moore,Frank R', 3, 3, 24, 111843, 36),
(446, 'Moore,James W', 3, 57, 20, 60000, 19),
(447, 'Morgan,Chester M', 1, 50, 24, 97850.04, 7),
(448, 'Morgan,Hani', 3, 15, 9, 57726, 9),
(449, 'Morgan,Jonathan Michael', 3, 23, 26, 71820, 1),
(450, 'Morgan,Sarah E', 3, 56, 24, 107334, 13),
(451, 'Morris,Heather', 2, 28, 19, 64999.72, 9),
(452, 'Morse,Timothy', 2, 9, 9, 53820, 15),
(453, 'Mullican,Susan', 3, 7, 19, 43460, 16),
(454, 'Muma,John R', 2, 65, 24, 84150, 17),
(455, 'Murali,Beddhu', 3, 59, 9, 80908, 12),
(456, 'Murdy,Victoria Lynn', 1, 64, 19, 60900, 11),
(457, 'Murphree,Vanessa De Ann', 2, 46, 9, 66788, 3),
(458, 'Naghshpour,Shahdad', 3, 7, 24, 103177.01, 30),
(459, 'Naquin,Marlene', 2, 12, 19, 43069, 10),
(460, 'Nazarenko,Sergei Ivanovich', 3, 56, 24, 98162, 12),
(461, 'Neelis,Laurie A', 1, 62, 19, 56732.04, 15),
(462, 'Netchaev,Dmitri A', 3, 45, 12, 76842, 17),
(463, 'Newman,Ray G', 1, 22, 14, 100138, 6),
(464, 'Newman,William', 3, 55, 19, 46683, 22),
(465, 'Newton,Rebecca H', 2, 29, 3, 70020, 8),
(466, 'Nicholson,Bonnie Coleen', 2, 57, 9, 76690.37, 13),
(467, 'Noguchi,Kenji', 2, 9, 9, 63428.81, 7),
(468, 'Nored,Lisa S', 1, 61, 18, 110873.4, 19),
(469, 'Norton,Carolyn M', 3, 2, 22, 44000, 1),
(470, 'Norton,Melanie J', 2, 44, 9, 86314, 22),
(471, 'Nugent,Katherine Elizabeth', 1, 17, 16, 174420, 11),
(472, 'Nuwer,Deanne S', 1, 7, 7, 81199, 19),
(473, 'O''Brien,Thomas V', 2, 33, 24, 92500, 7),
(474, 'Odom,William', 3, 37, 24, 70674.03, 41),
(475, 'Olmi,D Joe', 1, 57, 14, 104153.21, 23),
(476, 'Osborne,Jennifer Halfacre', 3, 15, 3, 57456, 3),
(477, 'Oshrin,Stephen Edward', 3, 65, 24, 97412, 34),
(478, 'Otaigbe,Joshua Usifo', 3, 56, 24, 124213.01, 13),
(479, 'Pace II,Johnnie Edmand', 3, 44, 19, 49356, 6),
(480, 'Paine,Howard M', 1, 2, 13, 84580, 2),
(481, 'Pandey,Ras B', 3, 54, 24, 84420, 27),
(482, 'Panella,Lawrence M', 2, 48, 9, 58718, 20),
(483, 'Paprzycki,Peter Pawel', 1, 32, 5, 60000, 0),
(484, 'Parker,Donald Webster', 2, 48, 3, 50750, 3),
(485, 'Parker,Paula Diane', 2, 58, 9, 111825, 7),
(486, 'Pate,Gwendolyn Richardson', 1, 58, 18, 176900, 33),
(487, 'Paterson,Marietta Malcolm', 2, 65, 9, 72846, 4),
(488, 'Patihis,Lawrence', 2, 57, 3, 62000, 0),
(489, 'Patton,Derek L', 3, 56, 9, 89000, 7),
(490, 'Pauly Jr,Robert J', 3, 7, 9, 67323, 10),
(491, 'Pelts,Michael D', 3, 70, 22, 53000, 0),
(492, 'Pendergrass,Kathy Michelle', 3, 28, 3, 76300, 9),
(493, 'Perigoe,Christina B', 3, 35, 9, 73256, 7),
(494, 'Perkins,Arlene Louise', 2, 12, 24, 107567, 23),
(495, 'Perry III,John Edward', 2, 47, 9, 63000, 9),
(496, 'Perry,Richard H', 2, 48, 9, 62714, 15),
(497, 'Peters,Mary B', 3, 47, 19, 41829, 17),
(498, 'Peterson,Mark S', 3, 27, 24, 89382, 26),
(499, 'Peyrefitte,Joseph A', 3, 25, 24, 114000, 13),
(500, 'Phan,Ngoc The', 3, 7, 3, 52855, 3),
(501, 'Pheal,Earnie Fitzgerald', 3, 62, 22, 43000, 18),
(502, 'Phillips,Dennis R', 2, 31, 9, 67428, 23),
(503, 'Phillips,Elizabeth Nadine', 1, 71, 19, 36575, 22),
(504, 'Phillips,Nicole', 2, 3, 3, 61000, 0),
(505, 'Pigza,Julie A', 2, 4, 3, 68709, 2),
(506, 'Piland,Scotty G', 1, 62, 18, 112225, 11),
(507, 'Platt,Ronald Eric', 2, 33, 3, 56819, 11),
(508, 'Pluskota,Jonathan P', 2, 46, 3, 61500, 1),
(509, 'Pope,Eldia Lin', 3, 38, 19, 41170.78, 19),
(510, 'Powell,Eric N', 3, 27, 24, 102600, 3),
(511, 'Powell,Rebecca Adele', 2, 7, 3, 50000.01, 1),
(512, 'Powell,Sarah M', 2, 11, 19, 63228.99, 20),
(513, 'Powell,William W', 1, 51, 11, 140190, 25),
(514, 'Press,Robert Maxwell', 2, 55, 9, 54266, 12),
(515, 'Purdie,Alan Ellis', 3, 34, 22, 45000, 6),
(516, 'Purvis,Jerry Warren', 3, 62, 19, 49525, 15),
(517, 'Qualls,Carl P', 3, 3, 24, 74427, 14),
(518, 'Raber,George Thomas', 3, 38, 9, 63436.37, 12),
(519, 'Rackoff,Louis N', 2, 69, 24, 72019, 11),
(520, 'Radley III,Keith C', 2, 57, 3, 59452.9, 3),
(521, 'Rakocinski,Chester F', 3, 27, 24, 85764, 25),
(522, 'Rand,Catherine A', 1, 48, 9, 91110, 3),
(523, 'Rangachari,Vijay', 2, 4, 9, 71005, 8),
(524, 'Rassier,Jeffrey', 2, 46, 19, 45754, 31),
(525, 'Rawlins,James W', 3, 56, 9, 107262, 24),
(526, 'Rayborn,Michong K', 1, 14, 3, 154500, 1),
(527, 'Redalje,Donald George', 3, 45, 24, 87402, 30),
(528, 'Redfield,Stephen C', 2, 48, 9, 56023, 19),
(529, 'Reese,Carl Andrew', 1, 38, 24, 108875, 12),
(530, 'Reeves,Stacy R', 3, 15, 9, 59987, 18),
(531, 'Regan,Jennifer', 3, 3, 19, 48441, 17),
(532, 'Rehner,Timothy A', 1, 64, 14, 100819, 22),
(533, 'Reid,Julie A', 1, 1, 7, 79437, 7),
(534, 'Reischman Fletcher,Stacy D', 1, 21, 14, 95116, 15),
(535, 'Rempel,Morgan Harvey', 2, 53, 9, 55900, 11),
(536, 'Reynolds,John Pat', 3, 39, 22, 45000, 10),
(537, 'Rhinehart,Kenneth F', 3, 63, 19, 30780, 23),
(538, 'Rich,Karen Lynell', 2, 11, 9, 81107, 11),
(539, 'Richard,Laura Anne', 2, 64, 3, 59160, 2),
(540, 'Riddick,Tera Smith', 3, 29, 22, 55000, 2),
(541, 'Rigsby,Mark C', 2, 2, 3, 55825, 11),
(542, 'Rikabi,Gulenia E', 3, 28, 3, 72000, 1),
(543, 'Rishel,Thomas H', 2, 12, 19, 49287, 15),
(544, 'Rollins,Pamela Gail', 3, 5, 3, 65920, 3),
(545, 'Rosonet,Amy L', 3, 65, 20, 51300.04, 7),
(546, 'Ross,Andrew Israel', 2, 41, 3, 52780, 1),
(547, 'Ross,Susan', 2, 47, 3, 71271.23, 21),
(548, 'Rouse,Sharon Eubanks', 3, 15, 9, 62250.33, 13),
(549, 'Rowland,Keltoum S', 3, 37, 19, 44330, 22),
(550, 'Rowley,Lucille M', 3, 64, 19, 52312.04, 23),
(551, 'Rupp,Renee Beth', 3, 49, 22, 47000, 4),
(552, 'Rushing,Jill D', 3, 29, 19, 66118.41, 9),
(553, 'Russakovsky,Alexander', 3, 48, 24, 60465, 14),
(554, 'Rust,Douglas M', 2, 48, 9, 53936, 8),
(555, 'Ryan,Maureen A', 3, 34, 24, 134965, 32),
(556, 'Sacco,Donald', 2, 57, 3, 59452.9, 3),
(557, 'Saillant,Eric', 3, 27, 9, 69070.14, 8),
(558, 'Salda,Michael N', 3, 34, 24, 72792, 24),
(559, 'Samuelson,Mystera Marie', 3, 57, 22, 40000, 2),
(560, 'Sarder,MD Baniamin', 3, 12, 9, 90000, 8),
(561, 'Savell,Christy Lee Walton', 3, 29, 22, 55000, 0),
(562, 'Sayre,Edward A', 1, 55, 13, 103700, 8),
(563, 'Schaefer,Jacob F', 3, 3, 24, 73653, 11),
(564, 'Schaub,Mary T', 3, 65, 3, 51497, 43),
(565, 'Scheer,Charles Lawrence', 2, 61, 3, 64700, 2),
(566, 'Schlegel,Amanda L', 2, 48, 3, 50750, 5),
(567, 'Schroeder,Bernd Siegfried Walter', 1, 47, 14, 109180, 1),
(568, 'Sciolino,Martina M', 2, 34, 9, 56729, 28),
(569, 'Scott,Jeremy S', 3, 54, 22, 40000, 0),
(570, 'Sellers Jr,J M', 3, 3, 19, 42000, 10),
(571, 'Sellers,Kelli M McDaniel', 2, 34, 19, 44000, 8),
(572, 'Sequeira,Jennifer Marlene', 3, 25, 9, 102108.01, 11),
(573, 'Sevier,Amy', 3, 25, 19, 56499, 19),
(574, 'Sha,Zhanxin', 3, 62, 3, 60000, 0),
(575, 'Shakya,Pramila', 3, 12, 22, 34000, 7),
(576, 'Shearer Jr,Glenmore', 3, 3, 24, 93139, 27),
(577, 'Sheffer,Mary Lou', 2, 46, 9, 67815, 7),
(578, 'Shelley,Kyna J', 3, 33, 24, 81443, 11),
(579, 'Shiller,Alan M', 3, 45, 24, 87373, 28),
(580, 'Shin,Dong Yeong', 3, 22, 5, 62000, 0),
(581, 'Shin,Jae-Hwa', 3, 46, 24, 73805, 12),
(582, 'Simmons,Angela', 3, 21, 19, 44000, 0),
(583, 'Simmons,Valerie Cothern', 3, 58, 19, 51963.95, 9),
(584, 'Sims,Patricia C', 1, 5, 13, 87718, 19),
(585, 'Sirola,Christopher Jon', 2, 54, 9, 57190.48, 11),
(586, 'Slagle,Amy A', 2, 53, 9, 52554, 7),
(587, 'Smith,Anthony Steven', 3, 62, 22, 53000, 0),
(588, 'Smith,Bonnie Katherine', 2, 1, 3, 54000, 0),
(589, 'Smith,Gregory W', 2, 15, 3, 61000, 0),
(590, 'Smith,Mickey Brandon', 3, 25, 5, 96750, 1),
(591, 'Smith,Stephanie', 3, 57, 3, 62000, 0),
(592, 'Smith,Stephanie Lynn', 3, 64, 19, 40292, 11),
(593, 'Smith,W Robert', 3, 58, 9, 102880, 20),
(594, 'Smith,William Curtis', 1, 31, 13, 182000, 33),
(595, 'Smithka,Paula Jean', 3, 53, 9, 57058, 21),
(596, 'Speed,Nancy M', 1, 62, 19, 65281, 16),
(597, 'Spence,Adrienne Nicole', 1, 52, 21, 95000, 0),
(598, 'St. Marie,Joseph John', 2, 7, 9, 56753, 10),
(599, 'Stadthagen-Gonzalez,Hans', 3, 9, 3, 58541.45, 3),
(600, 'Stanback,Emily B', 2, 34, 3, 50000, 1),
(601, 'Standland,James Ernest', 1, 48, 19, 56739, 11),
(602, 'Stanford,Corwin Alexander', 3, 47, 19, 41963, 10),
(603, 'Steedman,Marek D', 1, 55, 13, 90280, 10),
(604, 'Stelk II,Steven John', 3, 23, 3, 121422, 4),
(605, 'Stepanova,Elena V', 2, 57, 3, 59452.9, 2),
(606, 'Storey,Robson F', 3, 56, 24, 113769, 32),
(607, 'Story,Jennifer Lachel', 1, 30, 2, 106045, 15),
(608, 'Strange,Chandra N', 3, 57, 5, 45000, 1),
(609, 'Stricklin,Kelley', 2, 9, 9, 62218, 16),
(610, 'Stuart,Vickie L', 1, 14, 4, 183200.04, 5),
(611, 'Stur,Heather Marie', 2, 41, 9, 68080, 7),
(612, 'Subramanian,Gopinath', 3, 56, 3, 83230, 1),
(613, 'Sulbaran Jr,Tulio Alberto', 3, 60, 24, 112713.72, 13),
(614, 'Sumner,Charles B', 2, 34, 9, 54677, 7),
(615, 'Sun Zheng', 3, 59, 9, 74341, 9),
(616, 'Sung,Andrew H', 1, 59, 18, 146775, 1),
(617, 'Swann,Anna K', 2, 24, 19, 43286, 12),
(618, 'Swope,Kenneth M', 2, 41, 24, 92000, 3),
(619, 'Sylvest,Anne Elizabeth', 1, 36, 19, 79481, 10),
(620, 'Tardy,Charles Holman', 1, 13, 14, 94484.04, 36),
(621, 'Terrio,Leelen Mark', 3, 65, 9, 59540, 33),
(622, 'Thompson,Melissa A', 2, 62, 9, 69462, 7),
(623, 'Thompson,Robert Alan', 3, 61, 9, 70900, 15),
(624, 'Tian,Haiyan', 3, 47, 9, 65168, 10),
(625, 'Tingle,Billie', 2, 9, 19, 46946, 9),
(626, 'Tingstrom,Daniel H', 3, 57, 24, 84690.63, 29),
(627, 'Tinnon,Elizabeth Ann', 2, 29, 3, 73840, 3),
(628, 'Tinnon-Brock,Vicki', 2, 12, 19, 41163.3, 1),
(629, 'Tonore,Mary Kathleen', 3, 15, 20, 53352, 2),
(630, 'Torres,Jennifer A', 3, 2, 24, 69216, 16),
(631, 'Trest,Anna Robin', 2, 15, 20, 38965.13, 14),
(632, 'Tribunella,Eric L', 1, 34, 7, 100062, 10),
(633, 'Turnbull,Robert', 3, 12, 19, 42565, 10),
(634, 'Tuuri,Rebecca A', 2, 41, 3, 52782, 2),
(635, 'Tyler,Pamela', 3, 41, 9, 62468, 9),
(636, 'Ural,Susannah J', 2, 41, 24, 88317, 6),
(637, 'Vajpayee,Shrikant', 3, 60, 24, 85309.88, 29),
(638, 'Valint,Alexandra', 2, 34, 3, 49370, 3),
(639, 'Van Norden,Maxim F', 1, 45, 19, 85226, 7),
(640, 'Vasquez,Matthew Lorenzo', 2, 39, 3, 62577, 1),
(641, 'Venette,Steven J', 3, 13, 9, 63134, 9),
(642, 'Vera,Michael D', 3, 54, 9, 59745.43, 11),
(643, 'Walker,David W', 2, 15, 9, 65981.82, 25),
(644, 'Walker,Jennifer M', 1, 12, 7, 74297, 9),
(645, 'Walker,Kevin Clark', 2, 9, 19, 49147.01, 14),
(646, 'Walker,Kim I', 3, 15, 20, 42820, 17),
(647, 'Walker-Cartwright,Teresa Lynn', 3, 49, 19, 50889, 19),
(648, 'Wallace,Davin', 3, 45, 3, 62655, 2),
(649, 'Wallace,Karl J', 2, 4, 9, 64725, 9),
(650, 'Wang,Nan', 3, 59, 9, 75389, 7),
(651, 'Wang,Shiao Y', 1, 3, 24, 105111, 26),
(652, 'Wang,Shuyan', 3, 15, 24, 69725, 11),
(653, 'Wang,Wei', 3, 31, 3, 79002, 1),
(654, 'Wang,Zheng', 3, 59, 3, 77075, 2),
(655, 'Ward,Kimberly Wynell', 2, 65, 3, 71600, 4),
(656, 'Ward,Matthew', 3, 1, 3, 61170, 2),
(657, 'Ward,Michael Edward', 3, 32, 10, 32801, 11),
(658, 'Warden,Mary Phares', 2, 24, 19, 41050.06, 13),
(659, 'Warrick,John Azel', 1, 69, 13, 80849, 3),
(660, 'Watson,William L', 3, 7, 9, 56545, 26),
(661, 'Waymire,Mark D', 2, 48, 3, 50750, 4),
(662, 'Weinauer,Ellen M', 1, 19, 15, 97470, 21),
(663, 'Weinberg,Joseph James', 2, 55, 3, 52118, 3),
(664, 'Welch,Cynthia', 2, 29, 19, 64068.32, 16),
(665, 'Welsh,Teresa Annette', 1, 44, 18, 89123, 12),
(666, 'White,Julie Hammond', 2, 21, 9, 57577, 11),
(667, 'Wiesenburg,Denis A', 3, 45, 24, 206250, 21),
(668, 'Wiest,Andrew A', 2, 41, 25, 122354, 28),
(669, 'Wiggert,Jeremy', 3, 45, 9, 67541, 8),
(670, 'Wiggins,Jeffrey Stuart', 1, 56, 17, 205000.01, 12),
(671, 'Williams,Amanda L', 3, 5, 3, 63565, 2),
(672, 'Williams,Delories M', 1, 64, 19, 55126.08, 19),
(673, 'Williams,Margaret E', 2, 46, 19, 50673, 22),
(674, 'Willis,Margie K', 3, 15, 20, 35000, 15),
(675, 'Willis,Russell H', 3, 25, 26, 87397, 23),
(676, 'Wilson,Reginald', 2, 58, 3, 122640, 1),
(677, 'Winstead,Christopher B', 1, 54, 14, 105724, 13),
(678, 'Wolf,Marco', 3, 8, 9, 109611, 7),
(679, 'Woolly,Kimberly A', 2, 48, 9, 55649, 10),
(680, 'Wooton,John A', 3, 48, 24, 70646, 23),
(681, 'Wright,Lindsay Elizabeth', 2, 5, 3, 60199, 2),
(682, 'Wu,Wei', 3, 27, 9, 63209, 8),
(683, 'Wu,Yun', 3, 25, 5, 104000, 0),
(684, 'Xu,Hao', 3, 3, 3, 60223, 3),
(685, 'Xu,Kebin', 3, 59, 22, 46500, 4),
(686, 'Xue Fei', 2, 46, 9, 60995, 11),
(687, 'Yadrick,M Kathleen', 3, 49, 8, 97415, 29),
(688, 'Yaoyuneyong,Gallayanee', 2, 26, 9, 77498, 8),
(689, 'Yarrington,Jonathan Scofield', 2, 48, 3, 50750, 1),
(690, 'Yee,Donald A', 3, 3, 9, 65232, 7),
(691, 'Young,Amy L', 2, 1, 9, 53032, 20),
(692, 'Yowell,Emily Bullock', 3, 57, 9, 63162.18, 15),
(693, 'Yu,Xinyu', 3, 44, 9, 61940, 8),
(694, 'Zantow,Kenneth E', 2, 8, 9, 92354, 16),
(695, 'Zelner,Kyle F', 1, 41, 13, 88600, 11),
(696, 'Zhang Chaoyang', 3, 59, 24, 103224, 12),
(697, 'Zhou Zhaoxian', 3, 59, 9, 77075.26, 10),
(698, 'Zhou,Weihua', 3, 12, 3, 81000, 0),
(699, 'Zhu,Huiqing', 3, 47, 9, 57154, 6),
(700, 'Ziegler,Helen Melissa', 1, 62, 19, 44370, 10);

-- --------------------------------------------------------

--
-- Table structure for table `GroupCodes`
--

CREATE TABLE IF NOT EXISTS `GroupCodes` (
  `idGroupCodes` int(11) NOT NULL AUTO_INCREMENT,
  `groupCode` varchar(45) NOT NULL,
  `groupDescription` text NOT NULL,
  PRIMARY KEY (`idGroupCodes`),
  UNIQUE KEY `idGroupCodes_UNIQUE` (`idGroupCodes`)
) ENGINE=InnoDB  DEFAULT CHARSET=latin1 AUTO_INCREMENT=4 ;

--
-- Dumping data for table `GroupCodes`
--

INSERT INTO `GroupCodes` (`idGroupCodes`, `groupCode`, `groupDescription`) VALUES
(1, 'MO1', 'Works 12 months of the year, Paid Monthly'),
(2, '9/9', 'Works 9 months of the year, Paid over 9 months'),
(3, '9/12', 'Works 9 months of the year, Paid over 12 months');

-- --------------------------------------------------------

--
-- Table structure for table `JobTitles`
--

CREATE TABLE IF NOT EXISTS `JobTitles` (
  `idJobTitles` int(11) NOT NULL AUTO_INCREMENT,
  `nameJobTitles` varchar(128) NOT NULL,
  PRIMARY KEY (`idJobTitles`),
  UNIQUE KEY `idJobTitles_UNIQUE` (`idJobTitles`),
  UNIQUE KEY `nameJobTitles_UNIQUE` (`nameJobTitles`)
) ENGINE=InnoDB  DEFAULT CHARSET=latin1 AUTO_INCREMENT=28 ;

--
-- Dumping data for table `JobTitles`
--

INSERT INTO `JobTitles` (`idJobTitles`, `nameJobTitles`) VALUES
(1, 'Assistant Dean - Academic'),
(2, 'Assistant Dean - Assoc Prof\r\n'),
(3, 'Assistant Professor\r\n'),
(4, 'Assistant Professor - Clinical\r\n'),
(5, 'Assistant Professor - Visiting'),
(6, 'Associate - Clinical\r\n'),
(8, 'Associate Dean-Professor\r\n'),
(7, 'Associate Dean/Assoc Professor'),
(9, 'Associate Professor'),
(10, 'Associate Professor - Visiting'),
(11, 'Associate Provost & Assoc Prof\r\n'),
(27, 'Associate Provost & Professor\r\n'),
(12, 'Asst Chair And Assoc Professor'),
(13, 'Chair And Assistant Professor\r\n'),
(14, 'Chair And Professor\r\n'),
(15, 'Dean And Associate Professor'),
(16, 'Dean And Professor'),
(17, 'Director and Assoc Professor'),
(18, 'Director and Professor'),
(19, 'Instructor'),
(20, 'Instructor - Clinical\r\n'),
(21, 'Instructor - Vis Clinical\r\n'),
(22, 'Instructor - Visiting'),
(23, 'Lecturer\r\n'),
(24, 'Professor\r\n'),
(25, 'Professor - Distinguished\r\n'),
(26, 'Professor of Practice\r\n');

--
-- Constraints for dumped tables
--

--
-- Constraints for table `Faculty`
--
ALTER TABLE `Faculty`
  ADD CONSTRAINT `idDepartment` FOREIGN KEY (`idDepartment`) REFERENCES `Department` (`idDepartment`) ON DELETE NO ACTION ON UPDATE NO ACTION,
  ADD CONSTRAINT `idGroup` FOREIGN KEY (`idGroup`) REFERENCES `GroupCodes` (`idGroupCodes`) ON DELETE NO ACTION ON UPDATE CASCADE,
  ADD CONSTRAINT `idTitleFaculty` FOREIGN KEY (`idTitleFaculty`) REFERENCES `JobTitles` (`idJobTitles`) ON DELETE NO ACTION ON UPDATE NO ACTION;

/*!40101 SET CHARACTER_SET_CLIENT=@OLD_CHARACTER_SET_CLIENT */;
/*!40101 SET CHARACTER_SET_RESULTS=@OLD_CHARACTER_SET_RESULTS */;
/*!40101 SET COLLATION_CONNECTION=@OLD_COLLATION_CONNECTION */;
